{"cameraMode":{"drawMode":0,"name":"Shaded","section":"Shading Mode"},"sceneLighting":false,"audioPlay":false,"sceneViewState":{"m_AlwaysRefresh":false,"showFog":true,"showSkybox":true,"showFlares":true,"showImageEffects":true,"showParticleSystems":true,"showVisualEffectGraphs":true,"m_FxEnabled":true},"in2DMode":false,"pivot":{"x":-9.237715721130371,"y":6.015028953552246,"z":-10.799922943115235},"rotation":{"x":0.0028514922596514227,"y":0.9446421265602112,"z":0.008209163323044777,"w":-0.3280021846294403},"size":15.314226150512696,"orthographic":false}